Datetime,BidVolume,AskVolume,Volume,Open,High,Low,Close
2022-08-24,1.0,0.0,1.0,109.48,109.54,109.48,109.51
2022-08-25,33.0,30.0,63.0,110.25,110.44,110.25,110.44
2022-08-26,4.0,3.0,7.0,113.7,114.2,113.6,114.2
2022-08-28,10.0,0.0,10.0,112.66,112.66,112.46,112.46
2022-08-29,3.0,3.0,6.0,101.83,102.01,101.83,102.01
2022-08-30,2.0,3.0,5.0,97.37,97.49,97.37,97.37
2022-08-31,1.0,0.0,1.0,87.34,87.34,87.22,87.22
2022-09-01,0.0,1.0,1.0,91.48,91.54,91.48,91.48
2022-09-02,2.0,5.0,7.0,97.22,97.22,97.11,97.16
2022-09-04,1.0,4.0,5.0,98.73,98.85,98.61,98.85
2022-09-05,0.0,1.0,1.0,98.2,98.25,98.2,98.22
2022-09-06,1.0,0.0,1.0,93.11,93.32,93.11,93.23
2022-09-07,0.0,1.0,1.0,98.36,98.6,98.36,98.51
2022-09-08,0.0,2.0,2.0,94.13,94.13,94.06,94.13
2022-09-09,11.0,4.0,15.0,95.49,96.16,95.49,95.8
2022-09-11,1.0,0.0,1.0,95.26,95.35,95.26,95.35
2022-09-12,0.0,2.0,2.0,94.76,94.79,94.76,94.78
2022-09-13,1.0,2.0,3.0,90.38,90.56,90.38,90.56
2022-09-14,1.0,0.0,1.0,86.0,86.16,86.0,86.16
2022-09-15,1.0,0.0,1.0,83.16,83.31,83.16,83.31
2022-09-16,2.0,13.0,15.0,81.91,81.91,81.54,81.54
2022-09-18,2.0,0.0,2.0,82.71,82.91,82.71,82.86
2022-09-19,1.0,0.0,1.0,91.96,92.02,91.75,91.75
2022-09-20,1.0,0.0,1.0,92.03,92.09,92.03,92.06
2022-09-21,8.0,14.0,22.0,92.86,93.35,92.86,93.35
2022-09-22,2.0,0.0,2.0,96.42,96.42,96.18,96.18
2022-09-23,8.0,10.0,18.0,93.59,94.06,93.59,93.87
2022-09-25,1.0,0.0,1.0,91.9,91.96,91.9,91.9
2022-09-26,0.0,5.0,5.0,94.48,94.52,94.48,94.52
2022-09-27,0.0,2.0,2.0,100.19,100.41,100.19,100.2
2022-09-28,0.0,1.0,1.0,105.19,105.22,105.16,105.16
2022-09-29,1.0,0.0,1.0,92.56,92.56,92.35,92.41
2022-09-30,1.0,3.0,4.0,96.1,96.1,95.64,95.64
2022-10-02,1.0,0.0,1.0,97.44,97.51,97.39,97.39
2022-10-03,2.0,4.0,6.0,103.06,103.27,103.06,103.25
2022-10-04,1.0,0.0,1.0,112.99,113.11,112.99,113.08
2022-10-05,5.0,1.0,6.0,113.69,113.69,113.65,113.65
2022-10-06,4.0,0.0,4.0,123.07,123.17,123.07,123.16
2022-10-07,7.0,5.0,12.0,122.05,122.29,121.93,121.93
2022-10-09,7.0,6.0,13.0,118.42,118.45,118.22,118.22
2022-10-10,3.0,0.0,3.0,108.18,108.28,108.15,108.15
2022-10-11,6.0,0.0,6.0,115.48,115.59,115.48,115.51
2022-10-12,1.0,0.0,1.0,120.93,120.96,120.93,120.93
2022-10-13,3.0,2.0,5.0,129.88,129.98,129.88,129.98
2022-10-14,4.0,3.0,7.0,131.86,132.08,131.86,132.07
2022-10-16,0.0,1.0,1.0,132.75,132.78,132.75,132.75
2022-10-17,3.0,7.0,10.0,133.37,133.51,133.37,133.51
2022-10-18,0.0,1.0,1.0,135.48,135.48,135.42,135.42
2022-10-19,12.0,19.0,31.0,112.85,112.92,112.84,112.84
2022-10-20,1.0,1.0,2.0,109.68,109.88,109.68,109.74
2022-10-21,9.0,7.0,16.0,112.15,112.51,112.05,112.05
2022-10-23,0.0,1.0,1.0,112.54,112.54,112.48,112.48
2022-10-24,1.0,0.0,1.0,121.44,121.5,121.44,121.47
2022-10-25,0.0,2.0,2.0,124.55,124.57,124.55,124.57
2022-10-26,4.0,4.0,8.0,128.33,128.33,128.25,128.32
2022-10-27,1.0,4.0,5.0,138.34,138.34,138.3,138.31
2022-10-28,8.0,3.0,11.0,144.68,144.68,144.28,144.28
2022-10-30,9.0,2.0,11.0,106.24,106.24,106.18,106.21
2022-10-31,0.0,1.0,1.0,108.81,108.88,108.81,108.88
2022-11-01,0.0,1.0,1.0,104.59,104.68,104.56,104.56
2022-11-02,1.0,0.0,1.0,111.75,111.93,111.75,111.93
2022-11-03,9.0,18.0,27.0,124.95,124.95,124.52,124.52
2022-11-04,2.0,11.0,13.0,115.95,116.27,115.93,115.97
2022-11-06,2.0,0.0,2.0,116.31,116.58,116.31,116.52
2022-11-07,1.0,0.0,1.0,105.74,105.77,105.51,105.51
2022-11-08,4.0,1.0,5.0,113.91,113.91,113.76,113.87
2022-11-09,1.0,0.0,1.0,110.5,110.72,110.5,110.72
2022-11-10,2.0,7.0,9.0,106.11,106.41,106.11,106.41
2022-11-11,2.0,10.0,12.0,104.85,104.99,104.49,104.99
2022-11-13,3.0,1.0,4.0,104.97,105.19,104.97,105.19
2022-11-14,1.0,0.0,1.0,105.03,105.12,105.03,105.12
2022-11-15,1.0,1.0,2.0,102.83,102.87,102.83,102.87
2022-11-16,1.0,0.0,1.0,106.2,106.23,106.17,106.17
2022-11-17,0.0,2.0,2.0,107.91,107.94,107.74,107.74
2022-11-18,7.0,6.0,13.0,104.41,104.63,104.34,104.63
2022-11-20,0.0,1.0,1.0,103.58,103.58,103.11,103.11
2022-11-21,13.0,11.0,24.0,106.09,106.1,106.08,106.08
2022-11-22,0.0,1.0,1.0,108.96,109.02,108.63,108.63
2022-11-23,0.0,1.0,1.0,107.83,107.83,107.68,107.68
2022-11-24,3.0,8.0,11.0,106.93,107.09,106.93,106.94
2022-11-25,41.0,73.0,114.0,100.21,101.57,100.21,101.57
2022-11-27,1.0,1.0,2.0,99.82,100.0,99.82,99.91
2022-11-28,33.0,16.0,49.0,92.42,92.5,92.33,92.33
2022-11-29,22.0,1.0,23.0,93.39,94.33,93.39,94.33
2022-11-30,0.0,1.0,1.0,99.95,100.01,99.92,99.92
2022-12-01,2.0,2.0,4.0,90.25,90.34,90.25,90.32
2022-12-02,2.0,5.0,7.0,85.61,85.68,85.17,85.43
2022-12-04,0.0,1.0,1.0,85.09,85.27,85.06,85.06
2022-12-05,2.0,2.0,4.0,81.27,81.51,81.27,81.34
2022-12-06,0.0,2.0,2.0,81.03,81.35,81.03,81.35
2022-12-07,1.0,2.0,3.0,74.55,74.81,74.55,74.81
2022-12-08,4.0,1.0,5.0,78.3,78.74,78.3,78.74
2022-12-09,6.0,3.0,9.0,76.45,76.53,76.39,76.39
2022-12-11,1.0,3.0,4.0,76.88,76.88,76.64,76.64
2022-12-12,1.0,0.0,1.0,78.97,79.14,78.97,79.14
2022-12-13,6.0,2.0,8.0,85.63,85.63,85.51,85.54
2022-12-14,0.0,1.0,1.0,93.41,93.41,93.34,93.34
2022-12-15,4.0,2.0,6.0,92.27,92.33,92.21,92.21
2022-12-16,0.0,11.0,11.0,86.96,87.43,86.96,87.43
2022-12-18,0.0,1.0,1.0,87.38,87.77,87.38,87.56
2022-12-19,0.0,2.0,2.0,84.88,84.97,84.75,84.75
2022-12-20,2.0,3.0,5.0,87.25,87.25,87.14,87.14
2022-12-21,3.0,0.0,3.0,89.49,89.67,89.49,89.64
2022-12-22,0.0,1.0,1.0,86.81,86.91,86.81,86.91
2022-12-23,5.0,4.0,9.0,99.34,99.34,98.72,98.72
2022-12-26,8.0,9.0,17.0,101.38,101.41,101.23,101.23
2022-12-27,1.0,1.0,2.0,100.75,101.16,100.75,101.09
2022-12-28,14.0,10.0,24.0,101.35,101.45,101.31,101.31
2022-12-29,1.0,2.0,3.0,101.19,101.19,101.03,101.03
2022-12-30,2.0,6.0,8.0,106.68,107.51,106.68,107.31
2023-01-02,1.0,0.0,1.0,106.49,106.49,106.1,106.1
2023-01-03,2.0,1.0,3.0,95.69,95.73,95.56,95.56
2023-01-04,1.0,0.0,1.0,99.54,99.57,99.4,99.4
2023-01-05,1.0,2.0,3.0,94.62,94.86,94.62,94.81
2023-01-06,22.0,1.0,23.0,94.93,95.22,94.62,94.62
2023-01-08,2.0,1.0,3.0,94.65,94.68,94.52,94.52
2023-01-09,0.0,1.0,1.0,96.59,96.62,96.23,96.23
2023-01-10,2.0,2.0,4.0,100.78,100.78,100.46,100.46
2023-01-11,8.0,0.0,8.0,106.42,106.44,106.27,106.27
2023-01-12,0.0,4.0,4.0,106.69,106.7,106.69,106.69
2023-01-13,10.0,11.0,21.0,110.25,110.27,109.98,110.12
2023-01-15,2.0,1.0,3.0,110.52,110.54,110.52,110.54
2023-01-16,0.0,1.0,1.0,110.71,110.88,110.71,110.75
2023-01-17,0.0,1.0,1.0,109.39,109.51,109.39,109.39
2023-01-18,2.0,0.0,2.0,108.76,108.91,108.76,108.79
2023-01-19,7.0,0.0,7.0,117.7,117.91,117.7,117.86
2023-01-20,13.0,7.0,20.0,122.79,122.79,122.44,122.61
2023-01-22,0.0,5.0,5.0,123.63,123.78,123.63,123.78
2023-01-23,0.0,1.0,1.0,129.94,129.94,129.91,129.91
2023-01-24,26.0,36.0,62.0,130.84,130.84,130.4,130.4
2023-01-25,1.0,3.0,4.0,116.86,116.92,116.86,116.89
2023-01-26,0.0,1.0,1.0,120.41,120.47,120.41,120.44
2023-01-27,10.0,6.0,16.0,116.15,116.15,115.9,115.94
2023-01-29,6.0,4.0,10.0,113.66,114.14,113.66,114.14
2023-01-30,1.0,1.0,2.0,105.03,105.09,104.87,104.87
2023-01-31,0.0,5.0,5.0,109.92,109.92,109.82,109.82
2023-02-01,1.0,0.0,1.0,100.19,100.4,100.19,100.4
2023-02-02,4.0,18.0,22.0,99.52,99.55,99.49,99.55
2023-02-03,3.0,3.0,6.0,92.46,92.46,92.28,92.46
2023-02-05,6.0,5.0,11.0,91.51,91.51,91.47,91.47
2023-02-06,7.0,18.0,25.0,93.81,93.87,93.81,93.87
2023-02-07,2.0,2.0,4.0,96.74,96.8,96.74,96.8
2023-02-08,0.0,1.0,1.0,94.54,94.57,94.39,94.39
2023-02-09,6.0,0.0,6.0,89.26,89.34,89.07,89.07
2023-02-10,21.0,4.0,25.0,91.45,91.48,91.13,91.13
2023-02-12,1.0,0.0,1.0,90.97,91.11,90.97,90.97
2023-02-13,2.0,4.0,6.0,95.26,95.27,95.24,95.26
2023-02-14,5.0,4.0,9.0,94.02,94.16,94.02,94.13
2023-02-15,0.0,1.0,1.0,93.49,93.52,93.4,93.4
2023-02-16,1.0,1.0,2.0,102.91,102.91,102.89,102.89
2023-02-17,5.0,1.0,6.0,104.91,104.98,104.9,104.9
2023-02-19,3.0,14.0,17.0,105.84,105.84,105.79,105.79
2023-02-20,0.0,1.0,1.0,105.51,105.57,105.36,105.36
2023-02-21,18.0,0.0,18.0,108.84,109.08,108.84,109.08
2023-02-22,7.0,6.0,13.0,106.08,106.16,106.08,106.13
2023-02-23,2.0,5.0,7.0,106.06,106.07,106.06,106.07
2023-02-24,4.0,5.0,9.0,105.01,105.13,105.01,105.04
2023-02-26,3.0,1.0,4.0,106.0,106.02,105.93,106.02
2023-02-27,7.0,0.0,7.0,108.0,108.21,108.0,108.18
2023-02-28,1.0,1.0,2.0,110.0,110.08,110.0,110.05
2023-03-01,7.0,2.0,9.0,112.13,112.17,112.0,112.08
2023-03-02,2.0,2.0,4.0,112.5,112.5,112.37,112.37
2023-03-03,10.0,26.0,36.0,113.92,114.02,113.81,113.95
2023-03-05,4.0,10.0,14.0,113.43,113.45,113.31,113.31
2023-03-06,2.0,5.0,7.0,114.48,114.48,114.42,114.42
2023-03-07,0.0,6.0,6.0,111.17,111.17,110.95,110.95
2023-03-08,2.0,1.0,3.0,111.19,111.39,111.19,111.39
2023-03-09,7.0,7.0,14.0,102.65,102.69,102.65,102.65
2023-03-10,13.0,9.0,22.0,109.09,109.09,108.65,108.71
2023-03-12,0.0,4.0,4.0,109.48,109.48,109.33,109.33
2023-03-13,28.0,21.0,49.0,111.97,112.43,111.97,112.43
2023-03-14,1.0,1.0,2.0,115.73,115.76,115.71,115.71
2023-03-15,5.0,4.0,9.0,112.11,112.16,112.11,112.16
2023-03-16,0.0,1.0,1.0,117.06,117.12,117.06,117.12
2023-03-17,9.0,29.0,38.0,121.81,122.27,121.81,122.27
2023-03-19,1.0,0.0,1.0,120.83,120.89,120.83,120.83
2023-03-20,0.0,1.0,1.0,121.88,122.03,121.88,121.94
2023-03-21,0.0,4.0,4.0,113.94,113.94,113.92,113.92
2023-03-22,1.0,1.0,2.0,117.56,117.56,117.39,117.39
2023-03-23,1.0,4.0,5.0,119.85,119.88,119.83,119.83
2023-03-24,33.0,8.0,41.0,119.84,120.11,119.84,120.06
2023-03-26,0.0,1.0,1.0,118.94,118.94,118.86,118.86
2023-03-27,0.0,4.0,4.0,120.92,120.92,120.9,120.9
2023-03-28,5.0,1.0,6.0,120.18,120.29,120.17,120.17
2023-03-29,0.0,2.0,2.0,113.45,113.45,113.42,113.42
2023-03-30,0.0,1.0,1.0,105.59,105.59,105.47,105.47
2023-03-31,12.0,4.0,16.0,107.99,108.03,107.55,107.55
2023-04-02,0.0,1.0,1.0,105.59,105.76,105.59,105.71
2023-04-03,2.0,4.0,6.0,103.55,103.64,103.55,103.64
2023-04-04,4.0,0.0,4.0,101.34,101.43,101.34,101.43
2023-04-05,1.0,3.0,4.0,110.65,110.65,110.49,110.49
2023-04-06,4.0,5.0,9.0,105.9,105.9,105.67,105.82
2023-04-09,2.0,0.0,2.0,105.65,105.7,105.65,105.7
2023-04-10,1.0,0.0,1.0,110.1,110.22,110.1,110.19
2023-04-11,23.0,24.0,47.0,106.76,106.76,106.58,106.74
2023-04-12,2.0,0.0,2.0,102.77,102.81,102.72,102.72
2023-04-13,4.0,0.0,4.0,103.03,103.1,103.03,103.1
2023-04-14,8.0,8.0,16.0,101.53,101.64,101.27,101.27
2023-04-16,3.0,0.0,3.0,100.98,100.98,100.91,100.91
2023-04-17,3.0,1.0,4.0,100.54,100.54,100.47,100.47
2023-04-18,2.0,0.0,2.0,93.02,93.02,92.87,92.87
2023-04-19,5.0,7.0,12.0,88.06,88.18,88.06,88.18
2023-04-20,3.0,2.0,5.0,87.89,87.91,87.88,87.88
2023-04-21,7.0,9.0,16.0,87.43,87.46,87.29,87.29
2023-04-23,1.0,0.0,1.0,86.14,86.18,86.14,86.18
2023-04-24,0.0,2.0,2.0,89.15,89.2,89.15,89.2
2023-04-25,1.0,1.0,2.0,87.32,87.37,87.28,87.28
2023-04-26,1.0,0.0,1.0,87.91,87.97,87.91,87.91
2023-04-27,1.0,6.0,7.0,84.01,84.11,84.0,84.11
2023-04-28,8.0,6.0,14.0,81.81,81.91,81.78,81.91
2023-04-30,2.0,3.0,5.0,82.04,82.11,82.04,82.09
2023-05-01,2.0,8.0,10.0,86.75,86.85,86.75,86.85
2023-05-02,3.0,0.0,3.0,85.79,85.81,85.79,85.81
2023-05-03,0.0,5.0,5.0,82.88,82.88,82.77,82.77
2023-05-04,4.0,0.0,4.0,84.04,84.09,84.01,84.01
2023-05-05,11.0,8.0,19.0,83.86,83.88,83.64,83.77
2023-05-07,2.0,1.0,3.0,83.68,83.69,83.63,83.65
2023-05-08,2.0,0.0,2.0,86.59,86.64,86.59,86.61
2023-05-09,0.0,1.0,1.0,88.52,88.52,88.45,88.45
2023-05-10,4.0,3.0,7.0,92.24,92.24,92.18,92.23
2023-05-11,0.0,1.0,1.0,92.28,92.28,92.17,92.17
2023-05-12,9.0,7.0,16.0,90.62,90.62,90.44,90.52
2023-05-14,1.0,2.0,3.0,89.61,89.61,89.58,89.58
2023-05-15,1.0,1.0,2.0,93.94,94.0,93.94,94.0
2023-05-16,0.0,2.0,2.0,96.02,96.05,96.02,96.05
2023-05-17,0.0,3.0,3.0,99.36,99.36,99.34,99.34
2023-05-18,0.0,1.0,1.0,102.09,102.12,102.09,102.12
2023-05-19,14.0,3.0,17.0,93.75,93.83,93.71,93.71
2023-05-21,0.0,3.0,3.0,93.07,93.09,93.07,93.09
2023-05-22,0.0,1.0,1.0,97.62,97.68,97.56,97.56
2023-05-23,0.0,1.0,1.0,96.54,96.57,96.54,96.54
2023-05-24,1.0,0.0,1.0,98.22,98.31,98.22,98.31
2023-05-25,5.0,2.0,7.0,96.93,96.94,96.93,96.94
2023-05-26,2.0,12.0,14.0,99.15,99.21,99.11,99.21
2023-05-28,0.0,1.0,1.0,98.11,98.2,98.11,98.2
2023-05-29,1.0,0.0,1.0,97.85,98.0,97.85,97.97
2023-05-30,1.0,0.0,1.0,95.16,95.16,95.08,95.08
2023-05-31,1.0,0.0,1.0,94.98,95.04,94.95,94.95
2023-06-01,0.0,1.0,1.0,91.42,91.45,91.42,91.42
2023-06-02,14.0,16.0,30.0,94.11,94.13,94.03,94.03
2023-06-04,10.0,2.0,12.0,94.19,94.19,93.97,93.97
2023-06-05,8.0,9.0,17.0,97.08,97.08,97.05,97.06
2023-06-06,5.0,4.0,9.0,98.02,98.02,97.98,97.98
2023-06-07,2.0,4.0,6.0,106.8,106.8,106.77,106.77
2023-06-08,1.0,0.0,1.0,105.93,105.99,105.89,105.89
2023-06-09,10.0,1.0,11.0,106.56,106.56,106.41,106.41
2023-06-11,1.0,0.0,1.0,104.84,105.09,104.84,104.94
2023-06-12,2.0,0.0,2.0,105.16,105.16,105.04,105.04
2023-06-13,0.0,1.0,1.0,106.64,106.73,106.64,106.67
2023-06-14,2.0,0.0,2.0,108.59,108.63,108.59,108.63
2023-06-15,1.0,0.0,1.0,114.95,114.95,114.9,114.9
2023-06-16,2.0,3.0,5.0,116.87,116.87,116.69,116.81
2023-06-18,0.0,1.0,1.0,115.86,115.92,115.8,115.8
2023-06-19,0.0,1.0,1.0,114.1,114.19,114.1,114.17
2023-06-20,0.0,5.0,5.0,101.29,101.31,101.26,101.26
2023-06-21,14.0,2.0,16.0,102.01,102.08,102.01,102.08
2023-06-22,3.0,0.0,3.0,101.88,102.03,101.88,102.0
2023-06-23,11.0,4.0,15.0,99.14,99.15,99.05,99.05
2023-06-25,0.0,1.0,1.0,99.49,99.49,99.43,99.43
2023-06-26,1.0,0.0,1.0,101.66,101.69,101.66,101.69
2023-06-27,1.0,0.0,1.0,103.19,103.22,103.19,103.19
2023-06-28,0.0,5.0,5.0,102.22,102.4,102.22,102.29
2023-06-29,0.0,2.0,2.0,101.48,101.48,101.36,101.36
2023-06-30,15.0,48.0,63.0,104.3,104.44,104.3,104.4
2023-07-02,1.0,4.0,5.0,104.4,104.48,104.3,104.45
2023-07-03,1.0,0.0,1.0,98.76,98.82,98.76,98.82
2023-07-04,0.0,1.0,1.0,100.43,100.45,100.37,100.37
2023-07-05,3.0,2.0,5.0,100.18,100.18,100.15,100.15
2023-07-06,1.0,2.0,3.0,103.35,103.35,103.35,103.35
2023-07-07,12.0,2.0,14.0,103.86,103.97,103.83,103.97
2023-07-09,1.0,0.0,1.0,103.84,103.84,103.81,103.81
2023-07-10,1.0,0.0,1.0,104.16,104.19,104.12,104.12
2023-07-11,2.0,3.0,5.0,104.65,104.65,104.59,104.61
2023-07-12,0.0,4.0,4.0,105.98,106.07,105.98,106.04
2023-07-13,1.0,0.0,1.0,103.35,103.38,103.35,103.38
2023-07-14,2.0,4.0,6.0,104.57,104.89,104.57,104.89
2023-07-16,0.0,1.0,1.0,104.43,104.46,104.43,104.43
2023-07-17,8.0,2.0,10.0,106.92,106.96,106.76,106.78
2023-07-18,0.0,1.0,1.0,109.31,109.31,109.28,109.28
2023-07-19,1.0,0.0,1.0,109.46,109.51,109.45,109.45
2023-07-20,5.0,1.0,6.0,111.97,111.99,111.97,111.99
2023-07-21,42.0,7.0,49.0,115.54,115.54,115.49,115.54
2023-07-23,0.0,13.0,13.0,118.15,118.3,118.15,118.28
2023-07-24,1.0,0.0,1.0,118.73,118.76,118.73,118.73
2023-07-25,3.0,4.0,7.0,111.81,111.81,111.75,111.79
2023-07-26,5.0,3.0,8.0,120.39,120.43,120.39,120.43
2023-07-27,0.0,1.0,1.0,122.97,123.0,122.88,122.88
2023-07-28,10.0,7.0,17.0,124.67,124.67,124.57,124.57
2023-07-30,4.0,1.0,5.0,123.12,123.12,123.03,123.03
2023-07-31,1.0,1.0,2.0,124.86,124.86,124.76,124.76
2023-08-01,0.0,2.0,2.0,124.42,124.55,124.4,124.53
2023-08-02,0.0,4.0,4.0,120.79,120.86,120.79,120.86
2023-08-03,1.0,0.0,1.0,118.17,118.17,118.12,118.15
2023-08-04,6.0,7.0,13.0,114.54,114.55,114.38,114.38
2023-08-06,1.0,3.0,4.0,114.54,114.58,114.54,114.58
2023-08-07,2.0,0.0,2.0,116.0,116.05,115.93,115.93
2023-08-08,2.0,1.0,3.0,119.48,119.48,119.35,119.35
2023-08-09,2.0,2.0,4.0,127.77,127.78,127.75,127.75
2023-08-10,0.0,2.0,2.0,128.51,128.51,128.4,128.4
2023-08-11,7.0,2.0,9.0,129.05,129.14,129.0,129.14
2023-08-13,2.0,1.0,3.0,128.16,128.21,128.15,128.15
2023-08-14,1.0,0.0,1.0,125.8,125.89,125.8,125.86
2023-08-15,1.0,0.0,1.0,122.32,122.38,122.32,122.35
2023-08-16,0.0,4.0,4.0,128.34,128.6,128.34,128.6
2023-08-17,0.0,1.0,1.0,126.14,126.26,126.14,126.23
2023-08-18,2.0,19.0,21.0,127.64,127.64,127.45,127.51
2023-08-20,0.0,1.0,1.0,127.99,128.02,127.99,127.99
2023-08-21,1.0,3.0,4.0,106.02,106.02,105.92,105.92
2023-08-22,12.0,5.0,17.0,107.51,107.59,107.51,107.57
2023-08-23,0.0,1.0,1.0,111.54,111.63,111.54,111.57
2023-08-24,1.0,0.0,1.0,111.14,111.14,111.08,111.08
2023-08-25,28.0,9.0,37.0,120.13,120.18,120.06,120.06
2023-08-27,0.0,3.0,3.0,116.78,116.78,116.71,116.71
2023-08-28,0.0,3.0,3.0,110.37,110.37,110.29,110.29
2023-08-29,10.0,1.0,11.0,105.23,105.23,105.21,105.21
2023-08-30,1.0,1.0,2.0,100.36,100.58,100.36,100.58
2023-08-31,0.0,2.0,2.0,96.42,96.46,96.42,96.46
2023-09-01,3.0,12.0,15.0,91.3,91.49,91.21,91.48
2023-09-03,2.0,1.0,3.0,91.16,91.3,91.03,91.09
2023-09-04,1.0,0.0,1.0,93.23,93.28,93.23,93.25
2023-09-05,2.0,1.0,3.0,93.05,93.05,93.01,93.05
2023-09-06,28.0,6.0,34.0,93.08,93.08,92.99,92.99
2023-09-07,3.0,4.0,7.0,98.03,98.1,97.91,97.98
2023-09-08,14.0,12.0,26.0,99.61,99.61,99.14,99.14
2023-09-10,6.0,2.0,8.0,99.49,99.62,99.49,99.62
2023-09-11,2.0,0.0,2.0,108.94,108.96,108.82,108.82
2023-09-12,2.0,1.0,3.0,101.07,101.07,100.95,100.95
2023-09-13,0.0,1.0,1.0,108.31,108.31,108.27,108.27
2023-09-14,1.0,0.0,1.0,104.96,105.06,104.96,105.06
2023-09-15,5.0,13.0,18.0,97.38,97.56,97.35,97.49
2023-09-17,0.0,2.0,2.0,96.82,96.85,96.67,96.67
2023-09-18,0.0,4.0,4.0,92.7,92.74,92.7,92.71
2023-09-19,1.0,2.0,3.0,89.33,89.33,89.26,89.26
2023-09-20,1.0,1.0,2.0,86.46,86.53,86.46,86.51
2023-09-21,1.0,0.0,1.0,88.59,88.77,88.59,88.73
2023-09-22,10.0,6.0,16.0,81.31,81.31,81.23,81.23
2023-09-24,1.0,0.0,1.0,80.79,80.79,80.72,80.72
2023-09-25,1.0,0.0,1.0,77.56,77.59,77.53,77.53
2023-09-26,2.0,4.0,6.0,77.45,77.45,77.33,77.33
2023-09-27,5.0,3.0,8.0,71.34,71.51,71.34,71.49
2023-09-28,0.0,1.0,1.0,70.85,70.88,70.62,70.62
2023-09-29,4.0,3.0,7.0,67.07,67.07,66.94,66.94
2023-10-01,2.0,2.0,4.0,67.15,67.19,67.15,67.17
2023-10-02,2.0,0.0,2.0,71.65,71.76,71.65,71.65
2023-10-03,0.0,1.0,1.0,61.09,61.17,61.09,61.17
2023-10-04,2.0,11.0,13.0,58.28,58.48,58.27,58.36
2023-10-05,0.0,2.0,2.0,58.45,58.54,58.45,58.54
2023-10-06,5.0,17.0,22.0,57.68,57.88,57.65,57.65
2023-10-08,0.0,1.0,1.0,56.56,56.59,56.53,56.53
2023-10-09,5.0,2.0,7.0,54.46,54.56,54.46,54.5
2023-10-10,0.0,1.0,1.0,59.3,59.38,59.3,59.38
2023-10-11,1.0,0.0,1.0,61.06,61.06,61.0,61.0
2023-10-12,3.0,6.0,9.0,60.85,61.08,60.85,61.05
2023-10-13,4.0,18.0,22.0,62.09,62.14,62.02,62.08
2023-10-15,1.0,0.0,1.0,63.15,63.21,63.15,63.18
2023-10-16,7.0,4.0,11.0,63.64,63.75,63.64,63.75
2023-10-17,11.0,2.0,13.0,63.64,63.64,63.61,63.61
2023-10-18,0.0,1.0,1.0,66.88,67.0,66.88,66.94
2023-10-19,1.0,0.0,1.0,63.18,63.18,63.18,63.18
2023-10-20,7.0,9.0,16.0,66.18,66.18,66.1,66.1
2023-10-22,3.0,1.0,4.0,66.28,66.34,66.28,66.28
2023-10-23,5.0,0.0,5.0,66.78,66.78,66.65,66.65
2023-10-24,1.0,1.0,2.0,65.55,65.56,65.55,65.56
2023-10-25,8.0,8.0,16.0,60.79,60.8,60.63,60.63
2023-10-26,1.0,3.0,4.0,65.76,66.05,65.76,65.81
2023-10-27,5.0,3.0,8.0,65.02,65.08,65.02,65.03
2023-10-29,7.0,3.0,10.0,66.21,66.35,66.21,66.35
2023-10-30,2.0,1.0,3.0,60.9,60.9,60.74,60.74
2023-10-31,0.0,1.0,1.0,65.75,65.76,65.7,65.7
2023-11-01,2.0,0.0,2.0,66.69,66.69,66.57,66.57
2023-11-02,1.0,0.0,1.0,68.11,68.17,68.11,68.14
2023-11-03,9.0,7.0,16.0,65.28,65.28,64.88,64.88
2023-11-05,0.0,1.0,1.0,64.76,64.85,64.76,64.85
2023-11-06,0.0,1.0,1.0,69.09,69.15,69.09,69.15
2023-11-07,0.0,1.0,1.0,68.93,69.19,68.93,69.13
2023-11-08,4.0,1.0,5.0,67.77,67.87,67.77,67.86
2023-11-09,6.0,0.0,6.0,68.34,68.46,68.34,68.4
2023-11-10,5.0,2.0,7.0,67.19,67.19,67.16,67.17
2023-11-12,4.0,2.0,6.0,66.65,66.66,66.57,66.57
2023-11-13,7.0,2.0,9.0,72.03,72.06,72.0,72.0
2023-11-14,1.0,1.0,2.0,71.1,71.12,70.97,70.97
2023-11-15,1.0,1.0,2.0,74.67,74.68,74.61,74.63
2023-11-16,7.0,6.0,13.0,72.84,72.84,72.72,72.74
2023-11-17,0.0,3.0,3.0,71.16,71.21,71.12,71.12
2023-11-19,0.0,1.0,1.0,71.5,71.56,71.5,71.51
2023-11-20,6.0,0.0,6.0,71.12,71.25,71.12,71.19
2023-11-21,1.0,1.0,2.0,75.25,75.36,75.25,75.3
2023-11-22,0.0,1.0,1.0,73.86,73.95,73.86,73.95
2023-11-23,6.0,0.0,6.0,74.54,74.54,74.41,74.41
2023-11-24,58.0,59.0,117.0,71.71,72.32,71.7,72.32
2023-11-26,6.0,9.0,15.0,71.49,71.7,71.49,71.69
2023-11-27,2.0,0.0,2.0,76.35,76.53,76.35,76.41
2023-11-28,1.0,0.0,1.0,76.25,76.25,76.25,76.25
2023-11-29,0.0,1.0,1.0,73.33,73.43,73.33,73.37
2023-11-30,0.0,1.0,1.0,68.81,68.81,68.77,68.77
2023-12-01,14.0,23.0,37.0,67.62,67.62,67.58,67.58
2023-12-03,6.0,4.0,10.0,67.19,67.69,67.19,67.42
2023-12-04,0.0,8.0,8.0,72.18,72.18,72.08,72.08
2023-12-05,5.0,1.0,6.0,71.03,71.03,70.91,70.91
2023-12-06,0.0,1.0,1.0,70.72,70.78,70.72,70.78
2023-12-07,0.0,1.0,1.0,68.39,68.39,68.05,68.05
2023-12-08,8.0,13.0,21.0,67.76,67.76,67.75,67.75
2023-12-10,1.0,5.0,6.0,67.99,67.99,67.92,67.92
2023-12-11,4.0,2.0,6.0,67.69,67.69,67.59,67.59
2023-12-12,0.0,3.0,3.0,65.95,66.24,65.95,66.21
2023-12-13,0.0,2.0,2.0,69.9,69.96,69.58,69.58
2023-12-14,5.0,1.0,6.0,72.33,72.38,72.32,72.32
2023-12-15,23.0,3.0,26.0,74.48,74.48,74.14,74.14
2023-12-17,1.0,5.0,6.0,74.1,74.1,74.03,74.03
2023-12-18,1.0,0.0,1.0,76.86,76.86,76.8,76.8
2023-12-19,0.0,1.0,1.0,77.04,77.04,77.01,77.01
2023-12-20,1.0,3.0,4.0,75.9,75.96,75.81,75.81
2023-12-21,1.0,2.0,3.0,72.65,72.95,72.65,72.95
2023-12-22,29.0,9.0,38.0,69.56,69.88,69.56,69.88
2023-12-25,0.0,2.0,2.0,71.15,71.28,71.15,71.28
2023-12-26,1.0,0.0,1.0,68.18,68.18,68.03,68.03
2023-12-27,4.0,2.0,6.0,69.51,69.63,69.51,69.62
2023-12-28,3.0,3.0,6.0,68.02,68.07,67.96,67.98
2023-12-29,4.0,3.0,7.0,70.99,70.99,70.88,70.88
2024-01-01,1.0,0.0,1.0,70.55,70.61,70.55,70.61
2024-01-02,6.0,7.0,13.0,70.53,70.53,70.18,70.18
2024-01-03,0.0,3.0,3.0,71.6,71.66,71.43,71.43
2024-01-04,0.0,2.0,2.0,68.86,68.89,68.8,68.8
2024-01-05,22.0,8.0,30.0,65.38,65.38,65.08,65.08
2024-01-07,0.0,2.0,2.0,65.4,65.46,65.36,65.36
2024-01-08,5.0,10.0,15.0,67.0,67.03,66.91,66.91
2024-01-09,0.0,2.0,2.0,69.38,69.39,69.36,69.36
2024-01-10,1.0,1.0,2.0,69.67,69.81,69.67,69.78
2024-01-11,1.0,1.0,2.0,75.06,75.19,75.06,75.13
2024-01-12,10.0,31.0,41.0,72.46,72.46,72.3,72.3
2024-01-14,2.0,0.0,2.0,71.97,71.99,71.9,71.9
2024-01-15,10.0,3.0,13.0,77.1,77.26,77.1,77.26
2024-01-16,0.0,17.0,17.0,73.21,73.38,73.2,73.35
2024-01-17,1.0,0.0,1.0,71.97,71.97,71.85,71.85
2024-01-18,4.0,0.0,4.0,74.66,74.74,74.66,74.74
2024-01-19,6.0,10.0,16.0,76.04,76.04,76.0,76.0
2024-01-21,2.0,1.0,3.0,75.6,75.66,75.6,75.66
2024-01-22,0.0,2.0,2.0,78.53,78.53,78.51,78.51
2024-01-23,0.0,3.0,3.0,76.64,76.64,76.36,76.36
2024-01-24,8.0,10.0,18.0,75.99,75.99,75.94,75.94
2024-01-25,6.0,2.0,8.0,77.86,77.9,77.81,77.81
2024-01-26,31.0,28.0,59.0,81.68,81.7,81.63,81.7
2024-01-28,0.0,1.0,1.0,81.19,81.31,81.13,81.13
2024-01-29,0.0,1.0,1.0,78.69,78.78,78.64,78.64
2024-01-30,1.0,0.0,1.0,75.12,75.12,75.04,75.04
2024-01-31,13.0,12.0,25.0,77.39,77.49,77.27,77.4
2024-02-01,0.0,1.0,1.0,76.2,76.35,76.2,76.32
2024-02-02,36.0,14.0,50.0,75.53,75.53,75.14,75.14
2024-02-04,1.0,5.0,6.0,76.33,76.42,76.33,76.42
2024-02-05,1.0,1.0,2.0,82.3,82.55,82.3,82.55
2024-02-06,2.0,2.0,4.0,81.74,81.77,81.72,81.72
2024-02-07,0.0,3.0,3.0,88.3,88.3,88.2,88.2
2024-02-08,0.0,1.0,1.0,89.23,89.29,89.23,89.24
2024-02-09,3.0,11.0,14.0,90.25,90.25,90.15,90.15
2024-02-11,0.0,1.0,1.0,89.48,89.54,89.48,89.48
2024-02-12,2.0,0.0,2.0,90.96,91.03,90.96,91.03
2024-02-13,1.0,0.0,1.0,89.35,89.38,89.35,89.38
2024-02-14,0.0,5.0,5.0,81.49,81.51,81.49,81.51
2024-02-15,2.0,0.0,2.0,78.0,78.0,77.94,77.94
2024-02-16,6.0,6.0,12.0,78.53,78.73,78.53,78.68
2024-02-18,1.0,0.0,1.0,78.78,78.79,78.75,78.79
2024-02-19,1.0,0.0,1.0,98.0,98.0,97.87,97.87
2024-02-20,3.0,0.0,3.0,95.06,95.22,95.06,95.19
2024-02-21,1.0,1.0,2.0,93.72,93.74,93.68,93.68
2024-02-22,7.0,0.0,7.0,94.5,94.56,94.5,94.53
2024-02-23,2.0,9.0,11.0,94.0,94.02,93.94,94.02
2024-02-25,3.0,0.0,3.0,93.77,93.84,93.77,93.84
2024-02-26,3.0,2.0,5.0,99.07,99.07,98.99,98.99
2024-02-27,1.0,3.0,4.0,97.82,97.82,97.77,97.77
2024-02-28,3.0,3.0,6.0,87.66,87.77,87.66,87.75
2024-02-29,7.0,0.0,7.0,93.89,93.89,93.82,93.82
2024-03-01,9.0,6.0,15.0,93.27,93.34,93.26,93.26
2024-03-03,5.0,2.0,7.0,93.22,93.4,93.22,93.4
2024-03-04,1.0,0.0,1.0,92.31,92.36,92.3,92.3
2024-03-05,4.0,0.0,4.0,87.8,87.8,87.75,87.75
2024-03-06,0.0,1.0,1.0,88.62,88.62,88.44,88.44
2024-03-07,1.0,3.0,4.0,90.66,90.72,90.66,90.66
2024-03-08,10.0,10.0,20.0,88.88,88.88,88.84,88.84
2024-03-10,0.0,1.0,1.0,89.0,89.09,89.0,89.03
2024-03-11,0.0,1.0,1.0,93.62,93.62,93.56,93.56
2024-03-12,1.0,0.0,1.0,94.84,94.87,94.84,94.84
2024-03-13,3.0,2.0,5.0,97.56,97.56,97.41,97.41
2024-03-14,2.0,1.0,3.0,96.48,96.52,96.48,96.52
2024-03-15,11.0,3.0,14.0,98.93,99.02,98.92,99.02
2024-03-17,0.0,2.0,2.0,100.0,100.03,100.0,100.03
2024-03-18,0.0,1.0,1.0,100.44,100.44,100.3,100.3
2024-03-19,2.0,0.0,2.0,97.23,97.27,97.2,97.23
2024-03-20,1.0,2.0,3.0,97.44,97.44,97.37,97.37
2024-03-21,1.0,0.0,1.0,96.21,96.33,96.21,96.33
2024-03-22,8.0,9.0,17.0,97.23,97.32,97.23,97.27
2024-03-24,0.0,1.0,1.0,97.89,97.89,97.86,97.86
2024-03-25,0.0,1.0,1.0,95.62,95.69,95.62,95.69
2024-03-26,1.0,2.0,3.0,90.8,90.88,90.8,90.88
2024-03-27,0.0,1.0,1.0,88.88,88.95,88.88,88.95
2024-03-28,14.0,5.0,19.0,89.41,89.41,89.14,89.14
2024-03-31,0.0,1.0,1.0,88.44,88.44,88.41,88.41
2024-04-01,1.0,3.0,4.0,86.87,86.87,86.86,86.86
2024-04-02,2.0,2.0,4.0,91.39,91.39,91.37,91.37
2024-04-03,1.0,0.0,1.0,89.57,89.59,89.5,89.5
2024-04-04,3.0,1.0,4.0,90.13,90.19,90.13,90.19
2024-04-05,17.0,15.0,32.0,88.3,88.32,88.26,88.32
2024-04-07,3.0,1.0,4.0,88.78,88.78,88.71,88.71
2024-04-08,0.0,1.0,1.0,85.88,85.93,85.88,85.93
2024-04-09,0.0,1.0,1.0,87.33,87.36,87.3,87.3
2024-04-10,4.0,2.0,6.0,89.62,89.62,89.55,89.55
2024-04-11,2.0,8.0,10.0,89.67,89.67,89.65,89.65
2024-04-12,12.0,10.0,22.0,91.02,91.17,91.02,91.17
2024-04-14,2.0,6.0,8.0,92.54,92.57,92.54,92.56
2024-04-15,0.0,1.0,1.0,89.46,89.46,89.35,89.35
2024-04-16,1.0,2.0,3.0,92.34,92.34,92.08,92.08
2024-04-17,3.0,6.0,9.0,89.17,89.28,89.17,89.28
2024-04-18,2.0,0.0,2.0,85.51,85.51,85.37,85.37
2024-04-19,26.0,38.0,64.0,86.04,86.04,85.95,86.02
2024-04-21,2.0,2.0,4.0,85.64,85.7,85.64,85.64
2024-04-22,1.0,1.0,2.0,85.52,85.53,85.5,85.5
2024-04-23,0.0,2.0,2.0,84.7,84.74,84.7,84.74
2024-04-24,1.0,7.0,8.0,87.27,87.29,87.2,87.2
2024-04-25,0.0,1.0,1.0,86.96,86.97,86.96,86.97
2024-04-26,7.0,10.0,17.0,86.52,86.52,86.36,86.36
2024-04-28,0.0,2.0,2.0,86.73,86.81,86.73,86.81
2024-04-29,3.0,0.0,3.0,89.04,89.08,89.02,89.02
2024-04-30,2.0,1.0,3.0,85.85,85.85,85.66,85.66
2024-05-01,3.0,0.0,3.0,81.85,81.85,81.82,81.82
2024-05-02,1.0,0.0,1.0,84.0,84.15,84.0,84.13
2024-05-03,8.0,9.0,17.0,82.88,82.88,82.75,82.8
2024-05-05,1.0,3.0,4.0,81.82,81.82,81.75,81.75
2024-05-06,2.0,3.0,5.0,84.57,84.63,84.57,84.61
2024-05-07,1.0,0.0,1.0,80.85,80.91,80.85,80.88
2024-05-08,6.0,6.0,12.0,79.57,79.61,79.56,79.6
2024-05-09,1.0,1.0,2.0,79.51,79.59,79.51,79.59
2024-05-10,3.0,9.0,12.0,77.64,77.7,77.64,77.67
2024-05-12,0.0,2.0,2.0,77.84,77.87,77.84,77.87
2024-05-13,0.0,1.0,1.0,76.15,76.15,76.11,76.11
2024-05-14,1.0,2.0,3.0,74.44,74.46,74.4,74.4
2024-05-15,0.0,22.0,22.0,76.84,76.87,76.81,76.87
2024-05-16,10.0,1.0,11.0,80.67,80.67,80.65,80.65
2024-05-17,1.0,3.0,4.0,82.55,82.57,82.52,82.52
2024-05-19,2.0,0.0,2.0,81.46,81.48,81.46,81.48
2024-05-20,8.0,8.0,16.0,79.07,79.07,79.03,79.04
2024-05-21,0.0,1.0,1.0,77.27,77.27,77.26,77.26
2024-05-22,21.0,26.0,47.0,76.81,77.0,76.81,77.0
2024-05-23,0.0,1.0,1.0,77.6,77.6,77.54,77.54
2024-05-24,4.0,4.0,8.0,76.27,76.27,76.25,76.25
2024-05-26,1.0,0.0,1.0,76.3,76.36,76.3,76.36
2024-05-27,7.0,0.0,7.0,76.58,76.65,76.58,76.65
2024-05-28,1.0,0.0,1.0,74.43,74.51,74.43,74.51
2024-05-29,5.0,0.0,5.0,70.39,70.44,70.39,70.41
2024-05-30,0.0,1.0,1.0,68.45,68.45,68.3,68.3
2024-05-31,7.0,7.0,14.0,72.09,72.19,72.09,72.18
2024-06-02,7.0,3.0,10.0,72.32,72.4,72.32,72.4
2024-06-03,3.0,1.0,4.0,70.07,70.1,70.07,70.08
2024-06-04,10.0,3.0,13.0,73.82,73.92,73.71,73.71
2024-06-05,0.0,2.0,2.0,72.81,72.82,72.77,72.77
2024-06-06,0.0,1.0,1.0,74.08,74.08,74.0,74.0
2024-06-07,16.0,27.0,43.0,72.88,72.91,72.87,72.87
2024-06-09,1.0,0.0,1.0,73.53,73.53,73.47,73.47
2024-06-10,0.0,1.0,1.0,70.83,70.89,70.83,70.83
2024-06-11,1.0,3.0,4.0,71.73,71.73,71.67,71.67
2024-06-12,1.0,0.0,1.0,67.55,67.58,67.55,67.55
2024-06-13,2.0,1.0,3.0,73.05,73.07,73.04,73.04
2024-06-14,13.0,10.0,23.0,70.37,70.4,70.29,70.4
2024-06-16,1.0,0.0,1.0,69.63,69.66,69.63,69.66
2024-06-17,2.0,0.0,2.0,69.12,69.13,69.12,69.12
2024-06-18,10.0,1.0,11.0,72.31,72.38,72.31,72.38
2024-06-19,0.0,1.0,1.0,73.36,73.43,73.36,73.43
2024-06-20,0.0,2.0,2.0,70.4,70.43,70.4,70.4
2024-06-21,8.0,11.0,19.0,72.41,72.41,72.17,72.17
2024-06-23,0.0,1.0,1.0,72.34,72.34,72.31,72.31
2024-06-24,13.0,4.0,17.0,70.82,70.82,70.81,70.81
2024-06-25,1.0,0.0,1.0,72.25,72.31,72.25,72.28
2024-06-26,1.0,0.0,1.0,76.38,76.44,76.38,76.41
2024-06-27,9.0,6.0,15.0,75.32,75.39,75.32,75.39
2024-06-28,7.0,8.0,15.0,73.0,73.14,73.0,73.14
2024-06-30,1.0,0.0,1.0,73.7,73.73,73.7,73.73
2024-07-01,1.0,8.0,9.0,75.87,76.0,75.86,76.0
2024-07-02,1.0,0.0,1.0,77.32,77.32,77.31,77.31
2024-07-03,0.0,2.0,2.0,75.65,75.67,75.65,75.67
2024-07-04,6.0,3.0,9.0,75.24,75.26,75.14,75.14
2024-07-05,19.0,11.0,30.0,76.21,76.21,76.06,76.06
2024-07-07,2.0,0.0,2.0,74.36,74.4,74.35,74.35
2024-07-08,1.0,3.0,4.0,74.35,74.42,74.32,74.4
2024-07-09,0.0,1.0,1.0,72.97,73.03,72.97,72.98
2024-07-10,2.0,0.0,2.0,69.73,69.73,69.7,69.7
2024-07-11,0.0,1.0,1.0,68.4,68.51,68.4,68.51
2024-07-12,6.0,14.0,20.0,69.49,69.7,69.49,69.7
2024-07-14,9.0,0.0,9.0,68.41,68.41,68.34,68.34
2024-07-15,0.0,1.0,1.0,69.46,69.46,69.46,69.46
2024-07-16,0.0,3.0,3.0,68.47,68.53,68.47,68.53
2024-07-17,1.0,0.0,1.0,65.91,65.91,65.85,65.85
2024-07-18,6.0,1.0,7.0,72.54,72.65,72.54,72.56
2024-07-19,15.0,1.0,16.0,68.63,68.67,68.63,68.67
2024-07-21,2.0,1.0,3.0,68.45,68.49,68.37,68.37
2024-07-22,2.0,0.0,2.0,70.98,71.01,70.98,71.01
2024-07-23,3.0,3.0,6.0,70.75,70.79,70.75,70.77
2024-07-24,1.0,2.0,3.0,72.44,72.44,72.41,72.41
2024-07-25,3.0,0.0,3.0,73.5,73.5,73.46,73.46
2024-07-26,13.0,10.0,23.0,73.97,74.04,73.97,73.98
2024-07-28,2.0,0.0,2.0,73.44,73.44,73.39,73.39
2024-07-29,0.0,2.0,2.0,71.47,71.59,71.47,71.54
2024-07-30,0.0,3.0,3.0,72.19,72.25,72.1,72.1
2024-07-31,3.0,1.0,4.0,73.74,73.88,73.74,73.85
2024-08-01,0.0,1.0,1.0,73.26,73.46,73.26,73.4
2024-08-02,9.0,6.0,15.0,71.3,71.4,71.3,71.3
2024-08-04,4.0,6.0,10.0,70.72,70.98,70.72,70.98
2024-08-05,0.0,2.0,2.0,73.71,73.92,73.71,73.85
2024-08-06,4.0,0.0,4.0,71.13,71.13,71.08,71.08
2024-08-07,0.0,1.0,1.0,71.08,71.08,71.01,71.01
2024-08-08,1.0,1.0,2.0,72.34,72.44,72.34,72.44
2024-08-09,12.0,3.0,15.0,68.73,68.79,68.73,68.79
2024-08-11,1.0,2.0,3.0,68.44,68.47,68.44,68.47
2024-08-12,3.0,0.0,3.0,66.32,66.39,66.32,66.39
2024-08-13,1.0,0.0,1.0,64.58,64.62,64.58,64.62
2024-08-14,2.0,1.0,3.0,63.12,63.12,63.02,63.02
2024-08-15,21.0,1.0,22.0,63.47,63.47,63.36,63.36
2024-08-16,0.0,1.0,1.0,65.51,65.75,65.51,65.6
2024-08-18,0.0,1.0,1.0,65.17,65.42,65.17,65.42
2024-08-19,1.0,1.0,2.0,63.81,63.87,63.81,63.81
2024-08-20,0.0,1.0,1.0,50.44,50.44,50.38,50.38
2024-08-21,0.0,2.0,2.0,50.74,50.77,50.74,50.77
2024-08-22,1.0,1.0,2.0,51.15,51.18,51.15,51.18
2024-08-23,23.0,11.0,34.0,50.59,50.59,50.48,50.48
2024-08-25,2.0,1.0,3.0,49.8,49.82,49.76,49.76
2024-08-26,0.0,1.0,1.0,46.83,46.83,46.79,46.79
2024-08-27,12.0,1.0,13.0,44.49,44.58,44.49,44.54
2024-08-28,0.0,1.0,1.0,43.09,43.21,43.09,43.15
2024-08-29,3.0,4.0,7.0,47.99,48.04,47.99,48.0
2024-08-30,10.0,12.0,22.0,51.13,51.18,51.13,51.18
2024-09-01,1.0,0.0,1.0,48.68,48.71,48.65,48.65
2024-09-02,0.0,2.0,2.0,47.23,47.23,47.14,47.14
2024-09-03,4.0,1.0,5.0,48.09,48.12,48.09,48.09
2024-09-04,1.0,1.0,2.0,46.6,46.6,46.54,46.54
2024-09-05,5.0,7.0,12.0,45.88,45.98,45.88,45.98
2024-09-06,1.0,10.0,11.0,44.33,44.39,44.33,44.36
2024-09-08,4.0,9.0,13.0,48.03,48.03,48.02,48.02
2024-09-09,1.0,0.0,1.0,46.89,46.95,46.89,46.95
2024-09-10,0.0,1.0,1.0,46.09,46.12,45.94,45.94
2024-09-11,0.0,4.0,4.0,45.8,45.83,45.79,45.79
2024-09-12,2.0,3.0,5.0,43.91,43.95,43.89,43.89
2024-09-13,5.0,2.0,7.0,43.1,43.1,42.86,42.86
2024-09-15,4.0,0.0,4.0,42.42,42.47,42.42,42.47
2024-09-16,0.0,1.0,1.0,43.52,43.52,43.49,43.49
2024-09-17,26.0,0.0,26.0,43.74,43.92,43.74,43.8
2024-09-18,19.0,14.0,33.0,48.0,48.09,48.0,48.01
2024-09-19,8.0,3.0,11.0,47.73,47.73,47.68,47.68
2024-09-20,5.0,22.0,27.0,46.95,47.04,46.95,47.04
2024-09-22,0.0,1.0,1.0,46.87,46.9,46.84,46.84
2024-09-23,2.0,5.0,7.0,45.52,45.52,45.45,45.45
2024-09-24,4.0,0.0,4.0,45.35,45.41,45.35,45.39
2024-09-25,2.0,2.0,4.0,47.57,47.8,47.57,47.65
2024-09-26,4.0,1.0,5.0,48.51,48.54,48.47,48.47
2024-09-27,26.0,5.0,31.0,46.71,46.71,46.64,46.64
2024-09-29,0.0,4.0,4.0,47.74,47.74,47.69,47.69
2024-09-30,2.0,5.0,7.0,47.89,47.89,47.87,47.88
2024-10-01,8.0,7.0,15.0,46.76,46.83,46.75,46.75
2024-10-02,3.0,1.0,4.0,48.63,48.66,48.6,48.6
2024-10-03,2.0,1.0,3.0,51.19,51.31,51.19,51.31
2024-10-04,20.0,19.0,39.0,49.66,49.95,49.66,49.95
2024-10-06,1.0,2.0,3.0,49.36,49.4,49.36,49.37
2024-10-07,8.0,0.0,8.0,48.92,48.92,48.92,48.92
2024-10-08,1.0,0.0,1.0,49.56,50.05,49.56,50.05
2024-10-09,1.0,0.0,1.0,49.47,49.59,49.47,49.53
2024-10-10,0.0,3.0,3.0,51.78,51.79,51.78,51.79
2024-10-11,5.0,7.0,12.0,52.21,52.37,52.21,52.37
2024-10-13,0.0,1.0,1.0,52.13,52.15,52.12,52.12
2024-10-14,1.0,0.0,1.0,50.3,50.39,50.3,50.36
2024-10-15,0.0,1.0,1.0,50.93,50.96,50.91,50.91
2024-10-16,0.0,1.0,1.0,52.03,52.03,52.03,52.03
2024-10-17,1.0,0.0,1.0,51.71,51.8,51.71,51.8
2024-10-18,8.0,19.0,27.0,52.08,52.25,52.08,52.25
2024-10-20,3.0,0.0,3.0,52.28,52.34,52.28,52.34
2024-10-21,6.0,2.0,8.0,48.31,48.31,48.25,48.25
2024-10-22,0.0,1.0,1.0,50.21,50.24,50.21,50.21
2024-10-23,0.0,1.0,1.0,49.9,49.96,49.87,49.87
2024-10-24,0.0,1.0,1.0,49.55,49.55,49.42,49.42
2024-10-25,57.0,99.0,156.0,50.19,50.25,50.16,50.16
2024-10-27,0.0,1.0,1.0,50.21,50.21,50.15,50.15
2024-10-28,24.0,5.0,29.0,48.51,48.51,48.51,48.51
2024-10-29,0.0,1.0,1.0,49.26,49.26,49.23,49.23
2024-10-30,3.0,2.0,5.0,51.62,51.68,51.62,51.68
2024-10-31,14.0,3.0,17.0,51.41,51.41,51.37,51.4
2024-11-01,10.0,10.0,20.0,50.51,50.51,50.41,50.41
2024-11-03,1.0,2.0,3.0,51.49,51.54,51.49,51.54
2024-11-04,0.0,1.0,1.0,51.15,51.26,51.15,51.23
2024-11-05,3.0,4.0,7.0,51.14,51.39,51.14,51.33
2024-11-06,1.0,0.0,1.0,50.79,50.88,50.79,50.79
2024-11-07,1.0,1.0,2.0,51.15,51.2,51.15,51.2
2024-11-08,9.0,12.0,21.0,51.77,51.93,51.77,51.93
2024-11-10,1.0,0.0,1.0,52.56,52.59,52.5,52.5
2024-11-11,1.0,0.0,1.0,52.45,52.5,52.44,52.44
2024-11-12,1.0,1.0,2.0,53.67,53.67,53.6,53.6
2024-11-13,0.0,2.0,2.0,52.73,52.73,52.63,52.63
2024-11-14,16.0,1.0,17.0,52.69,52.71,52.69,52.71
2024-11-15,10.0,9.0,19.0,53.96,54.0,53.96,53.99
2024-11-17,1.0,1.0,2.0,54.27,54.36,54.27,54.34
2024-11-18,1.0,0.0,1.0,56.88,57.0,56.88,56.92
2024-11-19,5.0,3.0,8.0,53.4,53.4,53.38,53.38
2024-11-20,1.0,0.0,1.0,53.17,53.29,53.17,53.23
2024-11-21,0.0,1.0,1.0,52.84,52.9,52.84,52.87
2024-11-22,11.0,1.0,12.0,50.72,50.83,50.72,50.77
2024-11-24,1.0,0.0,1.0,51.11,51.35,51.11,51.26
2024-11-25,5.0,4.0,9.0,50.93,50.93,50.89,50.89
2024-11-26,5.0,5.0,10.0,50.79,50.85,50.74,50.74
2024-11-27,21.0,21.0,42.0,48.09,48.27,48.09,48.27
2024-11-28,2.0,2.0,4.0,49.45,49.45,49.34,49.34
2024-11-29,26.0,25.0,51.0,48.14,48.3,48.14,48.26
2024-12-01,0.0,2.0,2.0,47.53,47.53,47.39,47.39
2024-12-02,1.0,5.0,6.0,48.57,48.57,48.51,48.51
2024-12-03,0.0,6.0,6.0,47.8,47.83,47.74,47.74
2024-12-04,1.0,1.0,2.0,47.47,47.55,47.47,47.55
2024-12-05,1.0,4.0,5.0,48.14,48.14,48.11,48.11
2024-12-06,11.0,18.0,29.0,47.86,47.97,47.84,47.95
2024-12-08,4.0,7.0,11.0,48.73,48.73,48.67,48.67
2024-12-09,2.0,0.0,2.0,49.96,49.99,49.96,49.99
2024-12-10,2.0,1.0,3.0,50.56,50.68,50.56,50.68
2024-12-11,4.0,2.0,6.0,50.16,50.3,50.16,50.24
2024-12-12,1.0,1.0,2.0,50.94,50.96,50.88,50.88
2024-12-13,3.0,18.0,21.0,49.68,49.69,49.59,49.59
2024-12-15,0.0,1.0,1.0,50.16,50.22,50.16,50.2
2024-12-16,0.0,3.0,3.0,48.91,48.95,48.91,48.95
2024-12-17,0.0,1.0,1.0,46.49,46.6,46.49,46.6
2024-12-18,2.0,0.0,2.0,47.56,47.62,47.56,47.59
2024-12-19,6.0,16.0,22.0,47.82,47.82,47.79,47.8
2024-12-20,4.0,7.0,11.0,49.01,49.11,49.01,49.06
2024-12-22,1.0,2.0,3.0,49.93,49.98,49.89,49.89
2024-12-23,1.0,0.0,1.0,49.7,49.79,49.7,49.76
2024-12-24,42.0,9.0,51.0,48.77,48.77,48.65,48.65
2024-12-25,3.0,2.0,5.0,48.26,48.26,48.24,48.26
2024-12-26,2.0,0.0,2.0,47.93,48.03,47.93,48.0
2024-12-27,9.0,24.0,33.0,47.88,48.0,47.88,48.0
2024-12-29,3.0,1.0,4.0,49.64,49.71,49.64,49.68
2024-12-30,3.0,2.0,5.0,50.18,50.33,50.18,50.33
2024-12-31,2.0,4.0,6.0,50.98,50.98,50.95,50.95
2025-01-01,1.0,2.0,3.0,50.75,50.81,50.75,50.81
2025-01-02,1.0,7.0,8.0,52.02,52.02,51.95,51.95
2025-01-03,8.0,27.0,35.0,49.43,49.53,49.43,49.5
2025-01-05,2.0,0.0,2.0,49.38,49.42,49.36,49.36
2025-01-06,0.0,2.0,2.0,49.11,49.15,49.11,49.11
2025-01-07,12.0,11.0,23.0,46.7,46.7,46.68,46.69
2025-01-08,9.0,2.0,11.0,48.2,48.26,48.14,48.14
2025-01-09,3.0,3.0,6.0,49.24,49.24,49.12,49.16
2025-01-10,4.0,4.0,8.0,49.45,49.56,49.45,49.47
2025-01-12,9.0,9.0,18.0,50.74,50.89,50.74,50.89
2025-01-13,19.0,1.0,20.0,46.49,46.59,46.49,46.59
2025-01-14,12.0,26.0,38.0,51.7,51.83,51.7,51.83
2025-01-15,3.0,3.0,6.0,51.33,51.36,51.3,51.36
2025-01-16,7.0,2.0,9.0,54.3,54.31,54.23,54.23
2025-01-17,0.0,10.0,10.0,55.61,55.71,55.61,55.71
2025-01-19,11.0,5.0,16.0,56.83,56.86,56.83,56.83
2025-01-20,0.0,2.0,2.0,56.52,56.62,56.52,56.52
2025-01-21,4.0,2.0,6.0,57.85,57.85,57.79,57.79
2025-01-22,2.0,1.0,3.0,52.84,52.92,52.83,52.83
2025-01-23,4.0,3.0,7.0,56.27,56.27,56.24,56.27
2025-01-24,10.0,9.0,19.0,56.13,56.16,56.05,56.05
2025-01-26,2.0,3.0,5.0,54.17,54.17,54.11,54.11
2025-01-27,1.0,0.0,1.0,57.48,57.48,57.48,57.48
2025-01-28,3.0,2.0,5.0,55.7,55.7,55.66,55.66
2025-01-29,2.0,0.0,2.0,57.22,57.3,57.22,57.3
2025-01-30,4.0,4.0,8.0,56.62,56.62,56.6,56.62
2025-01-31,17.0,18.0,35.0,56.23,56.33,56.21,56.21
2025-02-02,3.0,8.0,11.0,60.04,60.06,60.04,60.06
2025-02-03,1.0,4.0,5.0,58.29,58.34,58.29,58.32
2025-02-04,2.0,1.0,3.0,60.45,60.48,60.45,60.47
2025-02-05,1.0,2.0,3.0,58.89,58.91,58.89,58.91
2025-02-06,5.0,5.0,10.0,64.68,64.81,64.68,64.81
2025-02-07,1.0,16.0,17.0,66.09,66.17,66.09,66.17
2025-02-09,1.0,0.0,1.0,66.3,66.42,66.3,66.37
2025-02-10,2.0,2.0,4.0,62.43,62.46,62.43,62.46
2025-02-11,5.0,0.0,5.0,66.45,66.49,66.45,66.45
2025-02-12,1.0,2.0,3.0,63.24,63.27,63.2,63.2
2025-02-13,1.0,0.0,1.0,66.21,66.21,66.18,66.18
2025-02-14,8.0,7.0,15.0,65.79,65.92,65.78,65.87
2025-02-16,0.0,1.0,1.0,65.34,65.58,65.34,65.52
2025-02-17,1.0,2.0,3.0,64.93,64.93,64.88,64.88
2025-02-18,0.0,9.0,9.0,79.96,79.99,79.96,79.96
2025-02-19,4.0,2.0,6.0,80.07,80.07,80.05,80.05
2025-02-20,8.0,3.0,11.0,79.85,79.89,79.85,79.89
2025-02-21,38.0,60.0,98.0,79.71,79.8,79.71,79.8
2025-02-23,1.0,3.0,4.0,79.47,79.5,79.45,79.45
2025-02-24,3.0,6.0,9.0,79.01,79.01,78.97,78.97
2025-02-25,1.0,0.0,1.0,76.85,76.93,76.85,76.93
2025-02-26,0.0,3.0,3.0,74.24,74.31,74.24,74.28
2025-02-27,1.0,1.0,2.0,76.67,76.67,76.55,76.55
2025-02-28,20.0,3.0,23.0,75.0,75.09,75.0,75.09
2025-03-02,2.0,2.0,4.0,73.98,74.0,73.98,74.0
2025-03-03,0.0,1.0,1.0,75.53,75.53,75.4,75.4
2025-03-04,1.0,0.0,1.0,74.4,74.52,74.4,74.47
2025-03-05,1.0,2.0,3.0,74.23,74.26,74.23,74.24
2025-03-06,1.0,1.0,2.0,69.98,70.0,69.97,70.0
2025-03-07,10.0,2.0,12.0,68.83,68.83,68.78,68.78
2025-03-09,0.0,1.0,1.0,68.73,68.73,68.69,68.69
2025-03-10,0.0,1.0,1.0,68.95,68.95,68.85,68.85
2025-03-11,1.0,0.0,1.0,71.2,71.21,71.18,71.18
2025-03-12,0.0,1.0,1.0,70.43,70.43,70.36,70.36
2025-03-13,0.0,1.0,1.0,69.72,69.72,69.69,69.69
2025-03-14,7.0,1.0,8.0,68.69,68.69,68.57,68.57
2025-03-16,1.0,0.0,1.0,69.54,69.55,69.54,69.54
2025-03-17,0.0,3.0,3.0,71.59,71.59,71.52,71.52
2025-03-18,0.0,1.0,1.0,72.3,72.3,72.27,72.27
2025-03-19,7.0,2.0,9.0,73.44,73.48,73.44,73.46
2025-03-20,3.0,2.0,5.0,72.48,72.49,72.47,72.47
2025-03-21,6.0,5.0,11.0,72.45,72.46,72.42,72.43
2025-03-23,1.0,0.0,1.0,71.99,72.07,71.99,72.07
2025-03-24,2.0,1.0,3.0,71.44,71.5,71.44,71.48
2025-03-25,2.0,8.0,10.0,73.27,73.38,73.27,73.38
2025-03-26,5.0,4.0,9.0,73.66,73.68,73.66,73.67
2025-03-27,0.0,3.0,3.0,74.24,74.25,74.24,74.25
2025-03-28,10.0,5.0,15.0,74.11,74.13,74.04,74.04
2025-03-30,3.0,0.0,3.0,74.54,74.54,74.42,74.42
2025-03-31,2.0,3.0,5.0,74.13,74.13,74.12,74.12
2025-04-01,2.0,0.0,2.0,76.44,76.44,76.42,76.42
2025-04-02,2.0,4.0,6.0,73.51,73.63,73.51,73.63
2025-04-03,9.0,6.0,15.0,71.99,72.06,71.98,71.98
2025-04-04,17.0,17.0,34.0,74.29,74.38,74.29,74.33
2025-04-06,6.0,2.0,8.0,74.22,74.22,74.19,74.19
2025-04-07,1.0,0.0,1.0,75.71,75.86,75.65,75.65
2025-04-08,3.0,5.0,8.0,72.69,72.69,72.55,72.55
2025-04-09,1.0,1.0,2.0,71.29,71.29,71.2,71.2
2025-04-10,2.0,9.0,11.0,68.38,68.43,68.36,68.36
2025-04-11,3.0,3.0,6.0,69.52,69.57,69.52,69.57
2025-04-13,0.0,1.0,1.0,70.69,70.78,70.69,70.78
2025-04-14,2.0,1.0,3.0,71.45,71.48,71.43,71.43
2025-04-15,0.0,1.0,1.0,72.42,72.42,72.27,72.27
2025-04-16,2.0,2.0,4.0,71.06,71.06,71.02,71.02
2025-04-17,9.0,13.0,22.0,70.99,70.99,70.83,70.83
2025-04-20,0.0,2.0,2.0,72.41,72.42,72.25,72.25
2025-04-21,0.0,1.0,1.0,72.64,72.67,72.64,72.64
2025-04-22,0.0,5.0,5.0,73.33,73.36,73.31,73.31
2025-04-23,1.0,1.0,2.0,74.5,74.5,74.49,74.49
2025-04-24,0.0,1.0,1.0,76.18,76.29,76.18,76.18
2025-04-25,31.0,9.0,40.0,76.75,76.75,76.72,76.72
2025-04-27,3.0,0.0,3.0,76.27,76.34,76.24,76.24
2025-04-28,5.0,1.0,6.0,77.91,77.98,77.91,77.94
2025-04-29,1.0,1.0,2.0,77.51,77.57,77.51,77.54
2025-04-30,1.0,1.0,2.0,79.94,79.99,79.94,79.99
2025-05-01,5.0,2.0,7.0,78.81,78.86,78.81,78.82
2025-05-02,17.0,19.0,36.0,78.57,78.66,78.53,78.66
2025-05-04,2.0,1.0,3.0,78.91,79.09,78.91,79.09
2025-05-05,1.0,0.0,1.0,82.15,82.2,82.14,82.14
2025-05-06,8.0,13.0,21.0,80.15,80.15,80.1,80.1
2025-05-07,0.0,1.0,1.0,78.77,78.98,78.77,78.92
2025-05-08,4.0,10.0,14.0,80.95,81.01,80.95,81.01
2025-05-09,13.0,8.0,21.0,81.31,81.31,81.16,81.16
2025-05-11,0.0,4.0,4.0,81.57,81.6,81.52,81.52
2025-05-12,3.0,0.0,3.0,81.79,81.89,81.79,81.83
2025-05-13,2.0,0.0,2.0,82.6,82.64,82.6,82.64
2025-05-14,4.0,1.0,5.0,81.97,81.97,81.91,81.91
2025-05-15,5.0,0.0,5.0,82.61,82.61,82.56,82.56
2025-05-16,1.0,5.0,6.0,82.28,82.35,82.25,82.25
2025-05-18,2.0,1.0,3.0,82.06,82.09,82.06,82.06
2025-05-19,1.0,0.0,1.0,81.38,81.39,81.37,81.39
2025-05-20,0.0,3.0,3.0,78.57,78.76,78.57,78.58
2025-05-21,0.0,1.0,1.0,79.03,79.06,79.03,79.03
2025-05-22,6.0,2.0,8.0,79.63,79.65,79.59,79.59
2025-05-23,17.0,12.0,29.0,76.79,76.9,76.79,76.8
2025-05-25,1.0,1.0,2.0,77.21,77.25,77.21,77.25
2025-05-26,8.0,3.0,11.0,76.9,76.97,76.9,76.97
2025-05-27,3.0,1.0,4.0,75.28,75.31,75.28,75.31
2025-05-28,15.0,15.0,30.0,74.52,74.52,74.43,74.43
2025-05-29,5.0,9.0,14.0,72.92,72.92,72.73,72.73
2025-05-30,27.0,20.0,47.0,70.84,70.93,70.83,70.83
2025-06-01,8.0,1.0,9.0,69.85,70.01,69.85,70.01
2025-06-02,3.0,0.0,3.0,71.14,71.2,71.14,71.2
2025-06-03,0.0,1.0,1.0,72.03,72.06,72.0,72.0
2025-06-04,0.0,5.0,5.0,69.4,69.43,69.34,69.34
2025-06-05,4.0,4.0,8.0,71.15,71.17,71.13,71.13
2025-06-06,35.0,17.0,52.0,69.99,69.99,69.92,69.92
2025-06-08,1.0,2.0,3.0,70.18,70.2,70.14,70.14
2025-06-09,10.0,0.0,10.0,70.49,70.49,70.43,70.43
2025-06-10,4.0,0.0,4.0,70.14,70.14,70.13,70.13
2025-06-11,1.0,3.0,4.0,69.99,70.08,69.99,70.08
2025-06-12,23.0,42.0,65.0,65.5,66.09,65.5,66.09
2025-06-13,26.0,8.0,34.0,66.72,67.51,66.72,67.5
2025-06-15,1.0,1.0,2.0,68.24,68.34,68.16,68.16
2025-06-16,2.0,2.0,4.0,70.56,70.66,70.56,70.64
2025-06-17,1.0,0.0,1.0,70.52,70.52,70.52,70.52
2025-06-18,0.0,1.0,1.0,76.64,76.64,76.49,76.49
2025-06-19,0.0,1.0,1.0,79.88,80.11,79.88,79.99
2025-06-20,13.0,26.0,39.0,77.91,77.91,77.85,77.85
2025-06-22,34.0,5.0,39.0,79.81,79.86,79.81,79.82
2025-06-23,2.0,1.0,3.0,77.04,77.04,76.84,76.84
2025-06-24,6.0,5.0,11.0,76.32,76.43,76.32,76.43
2025-06-25,1.0,1.0,2.0,73.85,73.86,73.85,73.86
2025-06-26,2.0,0.0,2.0,74.36,74.44,74.36,74.44
2025-06-27,2.0,14.0,16.0,71.7,71.7,71.67,71.68
2025-06-29,3.0,3.0,6.0,71.89,71.89,71.83,71.83
2025-06-30,2.0,1.0,3.0,73.92,74.04,73.92,74.01
2025-07-01,10.0,3.0,13.0,77.58,77.58,77.52,77.52
2025-07-02,3.0,0.0,3.0,77.3,77.34,77.28,77.28
2025-07-03,5.0,1.0,6.0,75.73,75.73,75.65,75.65
2025-07-04,24.0,19.0,43.0,79.55,79.56,79.51,79.51
2025-07-06,2.0,0.0,2.0,79.23,79.29,79.22,79.25
2025-07-07,2.0,0.0,2.0,78.77,78.79,78.77,78.79
2025-07-08,1.0,0.0,1.0,81.65,81.74,81.65,81.72
2025-07-09,0.0,2.0,2.0,80.73,80.82,80.73,80.79
2025-07-10,3.0,5.0,8.0,80.09,80.17,80.04,80.15
2025-07-11,19.0,5.0,24.0,81.71,81.71,81.5,81.5
2025-07-13,1.0,2.0,3.0,81.79,81.79,81.75,81.75
2025-07-14,0.0,1.0,1.0,80.82,80.85,80.74,80.74
2025-07-15,3.0,2.0,5.0,82.02,82.02,81.82,81.82
2025-07-16,2.0,1.0,3.0,80.45,80.45,80.35,80.35
2025-07-17,1.0,0.0,1.0,83.3,83.3,83.19,83.19
2025-07-18,5.0,5.0,10.0,84.01,84.11,84.01,84.11
2025-07-20,0.0,2.0,2.0,83.68,83.71,83.68,83.7
2025-07-21,1.0,0.0,1.0,80.71,80.8,80.71,80.71
2025-07-22,0.0,2.0,2.0,78.82,78.82,78.77,78.77
2025-07-23,0.0,2.0,2.0,80.63,80.63,80.55,80.55
2025-07-24,2.0,1.0,3.0,75.86,75.87,75.85,75.86
2025-07-25,6.0,17.0,23.0,77.28,77.35,77.28,77.35
2025-07-27,2.0,2.0,4.0,77.58,77.63,77.58,77.58
2025-07-28,1.0,1.0,2.0,77.09,77.09,77.06,77.06
2025-07-29,0.0,2.0,2.0,77.54,77.62,77.54,77.62
2025-07-30,6.0,5.0,11.0,75.75,75.75,75.74,75.74
2025-07-31,2.0,1.0,3.0,74.54,74.6,74.54,74.59
2025-08-01,104.0,17.0,121.0,71.55,71.55,71.36,71.36
2025-08-03,1.0,0.0,1.0,71.66,71.77,71.66,71.72
2025-08-04,1.0,1.0,2.0,74.76,74.82,74.76,74.79
2025-08-05,6.0,4.0,10.0,74.65,74.65,74.61,74.61
2025-08-06,8.0,11.0,19.0,77.0,77.13,77.0,77.12
2025-08-07,14.0,7.0,21.0,77.92,77.92,77.79,77.84
2025-08-08,11.0,21.0,32.0,79.11,79.17,79.11,79.17
2025-08-10,0.0,3.0,3.0,78.77,78.77,78.7,78.7
2025-08-11,11.0,3.0,14.0,79.24,79.24,79.22,79.23
2025-08-12,1.0,0.0,1.0,78.63,78.69,78.63,78.63
2025-08-13,0.0,2.0,2.0,81.05,81.08,81.05,81.05
2025-08-14,0.0,1.0,1.0,79.42,79.51,79.42,79.51
2025-08-15,8.0,4.0,12.0,78.92,78.97,78.87,78.97
2025-08-17,1.0,0.0,1.0,79.36,79.36,79.29,79.29
2025-08-18,0.0,1.0,1.0,82.41,82.44,82.41,82.41
2025-08-19,0.0,2.0,2.0,70.2,70.2,70.15,70.15
2025-08-20,23.0,24.0,47.0,71.27,71.3,71.27,71.28
2025-08-21,2.0,1.0,3.0,73.94,73.94,73.84,73.84
2025-08-22,7.0,14.0,21.0,72.88,72.88,72.84,72.84
2025-08-24,5.0,2.0,7.0,72.63,72.66,72.63,72.66
2025-08-25,1.0,5.0,6.0,71.09,71.14,71.07,71.14
2025-08-26,0.0,5.0,5.0,70.15,70.15,70.15,70.15
2025-08-27,4.0,3.0,7.0,68.82,68.86,68.67,68.86
2025-08-28,8.0,14.0,22.0,70.47,70.47,70.45,70.45
2025-08-29,17.0,78.0,95.0,68.66,68.74,68.66,68.69
2025-08-31,0.0,1.0,1.0,68.43,68.46,68.43,68.46
2025-09-01,2.0,0.0,2.0,70.64,70.67,70.64,70.67
2025-09-02,1.0,0.0,1.0,74.32,74.32,74.32,74.32
2025-09-03,3.0,3.0,6.0,75.85,75.85,75.76,75.78
2025-09-04,1.0,0.0,1.0,75.92,75.98,75.92,75.95
2025-09-05,18.0,10.0,28.0,75.61,75.61,75.57,75.59
2025-09-07,13.0,22.0,35.0,75.76,75.78,75.73,75.73
2025-09-08,0.0,1.0,1.0,74.99,74.99,74.98,74.98
2025-09-09,3.0,4.0,7.0,76.79,76.81,76.77,76.81
2025-09-10,1.0,0.0,1.0,75.61,75.64,75.61,75.64
2025-09-11,1.0,0.0,1.0,73.81,73.84,73.81,73.81
2025-09-12,10.0,3.0,13.0,75.33,75.33,75.28,75.28
2025-09-14,0.0,2.0,2.0,75.83,75.83,75.83,75.83
2025-09-15,0.0,1.0,1.0,76.63,76.69,76.63,76.66
2025-09-16,0.0,1.0,1.0,78.38,78.38,78.37,78.37
2025-09-17,2.0,0.0,2.0,76.45,76.45,76.43,76.43
2025-09-18,1.0,6.0,7.0,72.29,72.3,72.26,72.3
2025-09-19,8.0,13.0,21.0,69.81,69.86,69.81,69.85
2025-09-21,0.0,2.0,2.0,70.49,70.49,70.48,70.49
2025-09-22,2.0,1.0,3.0,70.18,70.21,70.18,70.21
2025-09-23,4.0,2.0,6.0,70.31,70.35,70.31,70.35
2025-09-24,1.0,0.0,1.0,69.61,69.61,69.59,69.59
2025-09-25,13.0,4.0,17.0,69.94,69.98,69.94,69.98
2025-09-26,86.0,31.0,117.0,71.81,71.86,71.64,71.86
2025-09-28,4.0,0.0,4.0,72.29,72.32,72.29,72.31
2025-09-29,1.0,9.0,10.0,70.75,70.8,70.74,70.74
2025-09-30,0.0,2.0,2.0,70.9,70.9,70.86,70.86
2025-10-01,3.0,1.0,4.0,69.86,69.92,69.86,69.89
2025-10-02,5.0,5.0,10.0,67.9,67.92,67.86,67.92
2025-10-03,12.0,21.0,33.0,67.77,67.82,67.76,67.81
2025-10-05,3.0,1.0,4.0,68.33,68.4,68.3,68.3
2025-10-06,6.0,5.0,11.0,69.2,69.28,69.19,69.28
2025-10-07,5.0,7.0,12.0,69.76,69.79,69.76,69.76
2025-10-08,0.0,2.0,2.0,69.08,69.11,69.06,69.06
2025-10-09,0.0,3.0,3.0,68.83,68.89,68.82,68.82
2025-10-10,61.0,43.0,104.0,68.99,69.31,68.86,69.31
2025-10-12,5.0,7.0,12.0,68.86,68.86,68.78,68.78
2025-10-13,2.0,0.0,2.0,71.51,71.51,71.45,71.46
2025-10-14,1.0,0.0,1.0,69.9,69.9,69.84,69.84
2025-10-15,2.0,3.0,5.0,69.63,69.63,69.59,69.61
2025-10-16,10.0,1.0,11.0,69.39,69.4,69.32,69.37
2025-10-17,25.0,24.0,49.0,72.89,72.92,72.84,72.9
2025-10-19,0.0,1.0,1.0,73.63,73.68,73.63,73.68
2025-10-20,0.0,1.0,1.0,73.34,73.46,73.26,73.26
2025-10-21,7.0,10.0,17.0,68.49,68.5,68.48,68.48
2025-10-22,3.0,5.0,8.0,69.83,69.88,69.82,69.88
2025-10-23,1.0,0.0,1.0,71.33,71.42,71.33,71.39
2025-10-24,8.0,2.0,10.0,71.85,71.85,71.8,71.8
2025-10-26,4.0,7.0,11.0,71.93,72.16,71.93,72.12
2025-10-27,2.0,2.0,4.0,73.8,73.85,73.8,73.85
2025-10-28,13.0,2.0,15.0,75.36,75.36,75.3,75.3
2025-10-29,3.0,1.0,4.0,77.52,77.7,77.52,77.68
2025-10-30,2.0,10.0,12.0,77.47,77.52,77.47,77.52
2025-10-31,28.0,76.0,104.0,77.47,77.63,77.47,77.63
2025-11-02,2.0,2.0,4.0,78.22,78.25,78.06,78.06
2025-11-03,6.0,4.0,10.0,79.02,79.02,78.99,78.99
2025-11-04,1.0,2.0,3.0,82.85,82.86,82.85,82.86
2025-11-05,1.0,0.0,1.0,84.71,84.74,84.68,84.68
2025-11-06,0.0,1.0,1.0,92.27,92.27,92.24,92.24
2025-11-07,54.0,13.0,67.0,88.12,88.12,88.05,88.05
2025-11-09,3.0,5.0,8.0,88.27,88.43,88.26,88.43
2025-11-10,0.0,1.0,1.0,90.03,90.03,90.0,90.0
